"","x"
"1","https://www.paruvendu.fr/a/voiture-occasion/citroen/2-cv-dyane/1230152300A1KVVOCI2CV"
"2","https://www.paruvendu.fr/a/voiture-occasion/alfa-romeo/brera/1230152297A1KVVOALBRE"
"3","https://www.paruvendu.fr/a/voiture-occasion/renault/1230152246A1KVVORE000"
"4","https://www.paruvendu.fr/a/voiture-occasion/renault/twingo-ii/1230152200A1KVVORETW2"
"5","https://www.paruvendu.fr/a/voiture-occasion/mini/mini-coupe/1230151551A1KVVOMCCOU"
"6","https://www.paruvendu.fr/a/voiture-occasion/bmw/x6/1230152133A1KVVOBMX6"
"7","https://www.paruvendu.fr/a/voiture-occasion/renault/clio/1230152129A1KVVORECLI"
"8","https://www.paruvendu.fr/a/voiture-occasion/renault/megane/1230152128A1KVVOREMEG"
"9","https://www.paruvendu.fr/a/voiture-occasion/dacia/sandero/1230152127A1KVVODCSAN"
"10","https://www.paruvendu.fr/a/voiture-occasion/renault/espace/1230151552A1KVVOREESP"
"11","https://www.paruvendu.fr/a/voiture-occasion/peugeot/206/1230152134A1KVVOPE206"
"12","https://www.paruvendu.fr/a/voiture-occasion/bmw/x3/1230151553A1KVVOBMX3"
"13","https://www.paruvendu.fr/a/voiture-occasion/toyota/auris/1230151542A1KVVOTOAUR"
"14","https://www.paruvendu.fr/a/voiture-occasion/renault/megane/1230151540A1KVVOREMEG"
"15","https://www.paruvendu.fr/a/voiture-occasion/citroen/2-cv-dyane/1230152175A1KVVOCI2CV"
"16","https://www.paruvendu.fr/a/voiture-occasion/ford/escort/1230152084A1KVVOFOESC"
"17","https://www.paruvendu.fr/a/voiture-occasion/renault/clio-iv/1230151720A1KVVORECL4"
"18","https://www.paruvendu.fr/a/voiture-occasion/peugeot/308/1230152197A1KVVOPE308"
"19","https://www.paruvendu.fr/a/voiture-occasion/renault/laguna-iii/1229862512A1KVVORELA3"
"20","https://www.paruvendu.fr/a/voiture-occasion/kia/carnival/1230151538A1KVVOKICAR"
"21","https://www.paruvendu.fr/a/voiture-occasion/peugeot/308/1230152125A1KVVOPE308"
"22","https://www.paruvendu.fr/a/voiture-occasion/kia/sportage/1230152124A1KVVOKISPO"
"23","https://www.paruvendu.fr/a/voiture-occasion/toyota/auris/1230151549A1KVVOTOAUR"
"24","https://www.paruvendu.fr/a/voiture-occasion/bmw/x3/1230151550A1KVVOBMX3"
"25","https://www.paruvendu.fr/a/voiture-occasion/renault/kangoo/1230151544A1KVVOREKAN"
"26","https://www.paruvendu.fr/a/voiture-occasion/fiat/500/1230152123A1KVVOFI500"
"27","https://www.paruvendu.fr/a/voiture-occasion/citroen/c3/1230151537A1KVVOCIC3"
"28","https://www.paruvendu.fr/a/voiture-occasion/peugeot/208/1230151541A1KVVOPE208"
"29","https://www.paruvendu.fr/a/voiture-occasion/renault/scenic/1225306271A1KVVORESCE"
"30","https://www.paruvendu.fr/a/voiture-occasion/nissan/x-trail/1230152074A1KVVONIXTR"
"31","https://www.paruvendu.fr/a/voiture-occasion/nissan/x-trail/1230152074A1KVVONIXTR"
"32","https://www.paruvendu.fr/a/voiture-occasion/renault/clio-ii/1230152071A1KVVORECL2"
"33","https://www.paruvendu.fr/a/voiture-occasion/renault/scenic-ii/1230152146A1KVVORESC2"
"34","https://www.paruvendu.fr/a/voiture-occasion/peugeot/3008/1229833591A1KVVOPE3M8"
"35","https://www.paruvendu.fr/a/voiture-occasion/renault/clio/1230151527A1KVVORECLI"
"36","https://www.paruvendu.fr/a/voiture-occasion/renault/captur/1230152122A1KVVORECAP"
"37","https://www.paruvendu.fr/a/voiture-occasion/suzuki/swift/1230152120A1KVVOSUSWI"
"38","https://www.paruvendu.fr/a/voiture-occasion/nissan/qashqai/1230151539A1KVVONIQAS"
"39","https://www.paruvendu.fr/a/voiture-occasion/toyota/avensis/1230151536A1KVVOTOAVE"
"40","https://www.paruvendu.fr/a/voiture-occasion/citroen/c3/1230151535A1KVVOCIC3"
"41","https://www.paruvendu.fr/a/voiture-occasion/volkswagen/golf/1230152126A1KVVOVWGOL"
"42","https://www.paruvendu.fr/a/voiture-occasion/citroen/c3/1230151528A1KVVOCIC3"
"43","https://www.paruvendu.fr/a/voiture-occasion/jeep/renegade/1230151530A1KVVOJEREN"
"44","https://www.paruvendu.fr/a/voiture-occasion/mercedes/classe-glc/1227205062A1KVVOMEGLC"
"45","https://www.paruvendu.fr/a/voiture-occasion/citroen/ds3/1229447955A1KVVOCIDS3"
"46","https://www.paruvendu.fr/a/voiture-occasion/skoda/superb/1230151791A1KVVOSKSUP"
"47","https://www.paruvendu.fr/a/voiture-occasion/renault/clio/1230152121A1KVVORECLI"
"48","https://www.paruvendu.fr/a/voiture-occasion/renault/twingo/1230152119A1KVVORETWI"
"49","https://www.paruvendu.fr/a/voiture-occasion/citroen/c3/1230152118A1KVVOCIC3"
"50","https://www.paruvendu.fr/a/voiture-occasion/jaguar/s-type/1230151997A1KVVOJATYS"
"51","https://www.paruvendu.fr/a/voiture-occasion/peugeot/508/1230151640A1KVVOPE508"
"52","https://www.paruvendu.fr/a/voiture-occasion/bmw/serie-5/1229511018A1KVVOBMS5"
"53","https://www.paruvendu.fr/a/voiture-occasion/peugeot/308/1227944024A1KVVOPE308"
"54","https://www.paruvendu.fr/a/voiture-occasion/bmw/serie-2/1230151534A1KVVOBMS2"
"55","https://www.paruvendu.fr/a/voiture-occasion/citroen/c4-spacetourer/1230151529A1KVVOCIC4S"
"56","https://www.paruvendu.fr/a/voiture-occasion/renault/scenic/1225042477A1KVVORESCE"
"57","https://www.paruvendu.fr/a/voiture-occasion/renault/scenic/1225306270A1KVVORESCE"
"58","https://www.paruvendu.fr/a/voiture-occasion/fiat/500/1230151526A1KVVOFI500"
"59","https://www.paruvendu.fr/a/voiture-occasion/fiat/500/1230151525A1KVVOFI500"
"60","https://www.paruvendu.fr/a/voiture-occasion/nissan/micra/1230151477A1KVVONIMIC"
"61","https://www.paruvendu.fr/a/voiture-occasion/dacia/duster/1230151037A1KVVODCDUS"
"62","https://www.paruvendu.fr/a/voiture-occasion/toyota/auris/1230152117A1KVVOTOAUR"
"63","https://www.paruvendu.fr/a/voiture-occasion/kia/clarus/1230152115A1KVVOKICLA"
"64","https://www.paruvendu.fr/a/voiture-occasion/renault/kadjar/1230151480A1KVVOREKAD"
"65","https://www.paruvendu.fr/a/voiture-occasion/volkswagen/touran/1230150998A1KVVOVWTOU"
"66","https://www.paruvendu.fr/a/voiture-occasion/mini/one/1230148860A1KVVOMCONE"
"67","https://www.paruvendu.fr/a/voiture-occasion/nissan/qashqai-2/1230151652A1KVVONIQS2"
"68","https://www.paruvendu.fr/a/voiture-occasion/peugeot/308/1230151517A1KVVOPE308"
"69","https://www.paruvendu.fr/a/voiture-occasion/dacia/duster/1230151518A1KVVODCDUS"
"70","https://www.paruvendu.fr/a/voiture-occasion/peugeot/308/1230151519A1KVVOPE308"
"71","https://www.paruvendu.fr/a/voiture-occasion/nissan/qashqai/1230152116A1KVVONIQAS"
"72","https://www.paruvendu.fr/a/voiture-occasion/nissan/qashqai/1230151475A1KVVONIQAS"
"73","https://www.paruvendu.fr/a/voiture-occasion/nissan/x-trail/1230151456A1KVVONIXTR"
"74","https://www.paruvendu.fr/a/voiture-occasion/nissan/x-trail/1230049676A1KVVONIXTR"
"75","https://www.paruvendu.fr/a/voiture-occasion/volkswagen/passat/1230151579A1KVVOVWPAS"
"76","https://www.paruvendu.fr/a/voiture-occasion/alfa-romeo/gtv/1230150984A1KVVOALGTV"
"77","https://www.paruvendu.fr/a/voiture-occasion/nissan/qashqai/1230152113A1KVVONIQAS"
"78","https://www.paruvendu.fr/a/voiture-occasion/alfa-romeo/gt/1229914478A1KVVOALGT"
"79","https://www.paruvendu.fr/a/voiture-occasion/peugeot/308/1230152114A1KVVOPE308"
"80","https://www.paruvendu.fr/a/voiture-occasion/chevrolet/cruze/1230151590A1KVVOCVCRU"
"81","https://www.paruvendu.fr/a/voiture-occasion/citroen/c4-picasso/1229566905A1KVVOCIC4P"
"82","https://www.paruvendu.fr/a/voiture-occasion/renault/kadjar/1230151520A1KVVOREKAD"
"83","https://www.paruvendu.fr/a/voiture-occasion/renault/clio/1230151516A1KVVORECLI"
"84","https://www.paruvendu.fr/a/voiture-occasion/volkswagen/golf/1230151514A1KVVOVWGOL"
"85","https://www.paruvendu.fr/a/voiture-occasion/citroen/c4/1230151097A1KVVOCIC4"
"86","https://www.paruvendu.fr/a/voiture-occasion/citroen/c4-cactus/1230150689A1KVVOCI4C"
"87","https://www.paruvendu.fr/a/voiture-occasion/nissan/x-trail/1230151455A1KVVONIXTR"
"88","https://www.paruvendu.fr/a/voiture-occasion/alfa-romeo/gtv/1230151378A1KVVOALGTV"
"89","https://www.paruvendu.fr/a/voiture-occasion/peugeot/308/1226520347A1KVVOPE308"
"90","https://www.paruvendu.fr/a/voiture-occasion/renault/clio/1226404140A1KVVORECLI"
"91","https://www.paruvendu.fr/a/voiture-occasion/peugeot/307-cc/1229983535A1KVVOPE3CC"
"92","https://www.paruvendu.fr/a/voiture-occasion/nissan/qashqai/1230152111A1KVVONIQAS"
"93","https://www.paruvendu.fr/a/voiture-occasion/nissan/qashqai/1230152110A1KVVONIQAS"
"94","https://www.paruvendu.fr/a/voiture-occasion/jaguar/f-type/1230151513A1KVVOJAF-T"
"95","https://www.paruvendu.fr/a/voiture-occasion/fiat/500/1230151509A1KVVOFI500"
"96","https://www.paruvendu.fr/a/voiture-occasion/fiat/500/1230151508A1KVVOFI500"
"97","https://www.paruvendu.fr/a/voiture-occasion/nissan/qashqai/1229331775A1KVVONIQAS"
"98","https://www.paruvendu.fr/a/voiture-occasion/renault/scenic/1228128231A1KVVORESCE"
"99","https://www.paruvendu.fr/a/voiture-occasion/peugeot/308/1229731007A1KVVOPE308"
"100","https://www.paruvendu.fr/a/voiture-occasion/audi/a5/1228307524A1KVVOAUA5"
"101","https://www.paruvendu.fr/a/voiture-occasion/autres/autres/1218754025A1KVVOZZZZZ"
"102","https://www.paruvendu.fr/a/voiture-occasion/mercedes/classe-m/1230150550A1KVVOMEM"
"103","https://www.paruvendu.fr/a/voiture-occasion/peugeot/508/1230150743A1KVVOPE508"
"104","https://www.paruvendu.fr/a/voiture-occasion/opel/astra/1230150547A1KVVOOPAST"
"105","https://www.paruvendu.fr/a/voiture-occasion/dacia/sandero/1230106277A1KVVODCSAN"
"106","https://www.paruvendu.fr/a/voiture-occasion/kia/sorento/1229716357A1KVVOKISOR"
"107","https://www.paruvendu.fr/a/voiture-occasion/fiat/tipo/1227063205A1KVVOFITIP"
"108","https://www.paruvendu.fr/a/voiture-occasion/fiat/tipo/1226978221A1KVVOFITIP"
"109","https://www.paruvendu.fr/a/voiture-occasion/renault/clio/1230151510A1KVVORECLI"
"110","https://www.paruvendu.fr/a/voiture-occasion/peugeot/2008/1229963553A1KVVOPE2M8"
"111","https://www.paruvendu.fr/a/voiture-occasion/peugeot/2008/1229963558A1KVVOPE2M8"
"112","https://www.paruvendu.fr/a/voiture-occasion/mazda/mx-5/1228860398A1KVVOMAMX5"
"113","https://www.paruvendu.fr/a/voiture-occasion/renault/clio/1230150979A1KVVORECLI"
"114","https://www.paruvendu.fr/a/voiture-occasion/dacia/divers/1230150975A1KVVODCZZZ"
"115","https://www.paruvendu.fr/a/voiture-occasion/renault/divers/1230150976A1KVVOREZZZ"
"116","https://www.paruvendu.fr/a/voiture-occasion/bmw/serie-3/1228226737A1KVVOBMS3"
"117","https://www.paruvendu.fr/a/voiture-occasion/peugeot/208/1230135967A1KVVOPE208"
"118","https://www.paruvendu.fr/a/voiture-occasion/jeep/grand-cherokee/1230106109A1KVVOJEGCH"
"119","https://www.paruvendu.fr/a/voiture-occasion/opel/mokka/1230082629A1KVVOOPMOK"
"120","https://www.paruvendu.fr/a/voiture-occasion/audi/a3/1230116806A1KVVOAUA3"
"121","https://www.paruvendu.fr/a/voiture-occasion/citroen/c4-picasso/1230034956A1KVVOCIC4P"
"122","https://www.paruvendu.fr/a/voiture-occasion/fiat/tipo/1229738288A1KVVOFITIP"
"123","https://www.paruvendu.fr/a/voiture-occasion/fiat/tipo/1226978219A1KVVOFITIP"
"124","https://www.paruvendu.fr/a/voiture-occasion/peugeot/308/1230151507A1KVVOPE308"
"125","https://www.paruvendu.fr/a/voiture-occasion/peugeot/108/1230151502A1KVVOPE108"
"126","https://www.paruvendu.fr/a/voiture-occasion/dacia/sandero/1230151505A1KVVODCSAN"
"127","https://www.paruvendu.fr/a/voiture-occasion/renault/divers/1230150977A1KVVOREZZZ"
"128","https://www.paruvendu.fr/a/voiture-occasion/volkswagen/divers/1230150978A1KVVOVWZZZ"
"129","https://www.paruvendu.fr/a/voiture-occasion/volkswagen/divers/1230150974A1KVVOVWZZZ"
"130","https://www.paruvendu.fr/a/voiture-occasion/mercedes/classe-glc/1230150938A1KVVOMEGLC"
"131","https://www.paruvendu.fr/a/voiture-occasion/volvo/v50/1229793510A1KVVOVOV50"
"132","https://www.paruvendu.fr/a/voiture-occasion/renault/twingo-iii/1229877761A1KVVORETW3"
"133","https://www.paruvendu.fr/a/voiture-occasion/nissan/qashqai-2/1229646368A1KVVONIQS2"
"134","https://www.paruvendu.fr/a/voiture-occasion/volkswagen/golf/1229665256A1KVVOVWGOL"
"135","https://www.paruvendu.fr/a/voiture-occasion/audi/a3/1229973618A1KVVOAUA3"
"136","https://www.paruvendu.fr/a/voiture-occasion/bmw/x1/1230032523A1KVVOBMX1"
"137","https://www.paruvendu.fr/a/voiture-occasion/fiat/punto/1229914477A1KVVOFIPUN"
"138","https://www.paruvendu.fr/a/voiture-occasion/volvo/s40/1229331774A1KVVOVOS40"
"139","https://www.paruvendu.fr/a/voiture-occasion/renault/clio/1230151504A1KVVORECLI"
"140","https://www.paruvendu.fr/a/voiture-occasion/peugeot/208/1230151501A1KVVOPE208"
"141","https://www.paruvendu.fr/a/voiture-occasion/nissan/x-trail/1230151503A1KVVONIXTR"
"142","https://www.paruvendu.fr/a/voiture-occasion/fiat/divers/1230150971A1KVVOFIZZZ"
"143","https://www.paruvendu.fr/a/voiture-occasion/peugeot/divers/1230150973A1KVVOPEZZZ"
"144","https://www.paruvendu.fr/a/voiture-occasion/kia/sportage/1230150972A1KVVOKISPO"
"145","https://www.paruvendu.fr/a/voiture-occasion/renault/clio/1230150921A1KVVORECLI"
"146","https://www.paruvendu.fr/a/voiture-occasion/fiat/tipo/1226978218A1KVVOFITIP"
"147","https://www.paruvendu.fr/a/voiture-occasion/bmw/x1/1230032111A1KVVOBMX1"
"148","https://www.paruvendu.fr/a/voiture-occasion/audi/q5/1230002659A1KVVOAUQ5"
"149","https://www.paruvendu.fr/a/voiture-occasion/renault/super-5/1229816679A1KVVORER5S"
"150","https://www.paruvendu.fr/a/voiture-occasion/mercedes/classe-a/1229993916A1KVVOMEA"
"151","https://www.paruvendu.fr/a/voiture-occasion/chevrolet/cruze/1229990279A1KVVOCVCRU"
"152","https://www.paruvendu.fr/a/voiture-occasion/bmw/x5/1226812585A1KVVOBMX5"
"153","https://www.paruvendu.fr/a/voiture-occasion/audi/a4/1229008855A1KVVOAUA4"
"154","https://www.paruvendu.fr/a/voiture-occasion/peugeot/208/1230151500A1KVVOPE208"
"155","https://www.paruvendu.fr/a/voiture-occasion/citroen/c3/1230151499A1KVVOCIC3"
"156","https://www.paruvendu.fr/a/voiture-occasion/peugeot/308/1230151498A1KVVOPE308"
"157","https://www.paruvendu.fr/a/voiture-occasion/renault/divers/1230150967A1KVVOREZZZ"
"158","https://www.paruvendu.fr/a/voiture-occasion/citroen/divers/1230150966A1KVVOCIZZZ"
"159","https://www.paruvendu.fr/a/voiture-occasion/suzuki/divers/1230150968A1KVVOSUZZZ"
"160","https://www.paruvendu.fr/a/voiture-occasion/renault/divers/1230150919A1KVVOREZZZ"
"161","https://www.paruvendu.fr/a/voiture-occasion/fiat/tipo/1226978208A1KVVOFITIP"
"162","https://www.paruvendu.fr/a/voiture-occasion/peugeot/208/1229993448A1KVVOPE208"
"163","https://www.paruvendu.fr/a/voiture-occasion/peugeot/108/1229989150A1KVVOPE108"
"164","https://www.paruvendu.fr/a/voiture-occasion/mini/cooper/1229984907A1KVVOMCCOO"
"165","https://www.paruvendu.fr/a/voiture-occasion/dacia/duster/1229943619A1KVVODCDUS"
"166","https://www.paruvendu.fr/a/voiture-occasion/bmw/serie-3/1229988997A1KVVOBMS3"
"167","https://www.paruvendu.fr/a/voiture-occasion/peugeot/207/1229914474A1KVVOPE207"
"168","https://www.paruvendu.fr/a/voiture-occasion/volvo/xc60/1229384230A1KVVOVOXC6"
"169","https://www.paruvendu.fr/a/voiture-occasion/peugeot/5008/1230151497A1KVVOPE5M8"
"170","https://www.paruvendu.fr/a/voiture-occasion/citroen/c3/1230151496A1KVVOCIC3"
"171","https://www.paruvendu.fr/a/voiture-occasion/renault/captur/1230151495A1KVVORECAP"
"172","https://www.paruvendu.fr/a/voiture-occasion/renault/clio/1230150969A1KVVORECLI"
"173","https://www.paruvendu.fr/a/voiture-occasion/renault/divers/1230150970A1KVVOREZZZ"
"174","https://www.paruvendu.fr/a/voiture-occasion/peugeot/divers/1230150964A1KVVOPEZZZ"
"175","https://www.paruvendu.fr/a/voiture-occasion/volkswagen/divers/1230150920A1KVVOVWZZZ"
"176","https://www.paruvendu.fr/a/voiture-occasion/ford/fiesta/1229704054A1KVVOFOFIE"
"177","https://www.paruvendu.fr/a/voiture-occasion/jeep/grand-cherokee/1229993193A1KVVOJEGCH"
"178","https://www.paruvendu.fr/a/voiture-occasion/audi/a4/1229645779A1KVVOAUA4"
"179","https://www.paruvendu.fr/a/voiture-occasion/peugeot/2008/1229833328A1KVVOPE2M8"
"180","https://www.paruvendu.fr/a/voiture-occasion/audi/a5/1229811182A1KVVOAUA5"
"181","https://www.paruvendu.fr/a/voiture-occasion/porsche/911-996-/1229648001A1KVVOPO996"
"182","https://www.paruvendu.fr/a/voiture-occasion/renault/kadjar/1230151494A1KVVOREKAD"
"183","https://www.paruvendu.fr/a/voiture-occasion/ford/fiesta/1230151490A1KVVOFOFIE"
"184","https://www.paruvendu.fr/a/voiture-occasion/nissan/divers/1230150963A1KVVONIZZZ"
"185","https://www.paruvendu.fr/a/voiture-occasion/nissan/divers/1230150962A1KVVONIZZZ"
"186","https://www.paruvendu.fr/a/voiture-occasion/nissan/divers/1230150965A1KVVONIZZZ"
"187","https://www.paruvendu.fr/a/voiture-occasion/dacia/divers/1230150917A1KVVODCZZZ"
"188","https://www.paruvendu.fr/a/voiture-occasion/peugeot/divers/1230150915A1KVVOPEZZZ"
"189","https://www.paruvendu.fr/a/voiture-occasion/renault/divers/1230150918A1KVVOREZZZ"
"190","https://www.paruvendu.fr/a/voiture-occasion/audi/q5/1229817310A1KVVOAUQ5"
"191","https://www.paruvendu.fr/a/voiture-occasion/audi/a1/1230151493A1KVVOAUA1"
"192","https://www.paruvendu.fr/a/voiture-occasion/audi/a4/1229139492A1KVVOAUA4"
"193","https://www.paruvendu.fr/a/voiture-occasion/bmw/serie-1/1229042151A1KVVOBMS1"
"194","https://www.paruvendu.fr/a/voiture-occasion/peugeot/3008/1229355969A1KVVOPE3M8"
"195","https://www.paruvendu.fr/a/voiture-occasion/citroen/c3/1229448886A1KVVOCIC3"
"196","https://www.paruvendu.fr/a/voiture-occasion/alfa-romeo/giulietta/1229448156A1KVVOALGIU"
"197","https://www.paruvendu.fr/a/voiture-occasion/peugeot/5008/1230151487A1KVVOPE5M8"
"198","https://www.paruvendu.fr/a/voiture-occasion/renault/clio-iv/1230151486A1KVVORECL4"
"199","https://www.paruvendu.fr/a/voiture-occasion/nissan/divers/1230150961A1KVVONIZZZ"
"200","https://www.paruvendu.fr/a/voiture-occasion/renault/clio-iv/1230150957A1KVVORECL4"
"201","https://www.paruvendu.fr/a/voiture-occasion/renault/clio-iv/1230150956A1KVVORECL4"
"202","https://www.paruvendu.fr/a/voiture-occasion/volkswagen/divers/1230150916A1KVVOVWZZZ"
"203","https://www.paruvendu.fr/a/voiture-occasion/fiat/divers/1230150913A1KVVOFIZZZ"
"204","https://www.paruvendu.fr/a/voiture-occasion/renault/divers/1230150912A1KVVOREZZZ"
"205","https://www.paruvendu.fr/a/voiture-occasion/toyota/yaris/1229025207A1KVVOTOYAR"
"206","https://www.paruvendu.fr/a/voiture-occasion/toyota/yaris/1230151489A1KVVOTOYAR"
"207","https://www.paruvendu.fr/a/voiture-occasion/bmw/serie-1/1229178915A1KVVOBMS1"
"208","https://www.paruvendu.fr/a/voiture-occasion/nissan/qashqai/1229177924A1KVVONIQAS"
"209","https://www.paruvendu.fr/a/voiture-occasion/bmw/serie-3/1229442558A1KVVOBMS3"
"210","https://www.paruvendu.fr/a/voiture-occasion/abarth/500/1229449955A1KVVOAB500"
"211","https://www.paruvendu.fr/a/voiture-occasion/porsche/boxster-986-/1229456377A1KVVOPO986"
"212","https://www.paruvendu.fr/a/voiture-occasion/volkswagen/golf/1230151485A1KVVOVWGOL"
"213","https://www.paruvendu.fr/a/voiture-occasion/dacia/duster/1230151482A1KVVODCDUS"
"214","https://www.paruvendu.fr/a/voiture-occasion/peugeot/208/1230150950A1KVVOPE208"
"215","https://www.paruvendu.fr/a/voiture-occasion/citroen/berlingo/1230150953A1KVVOCIBER"
"216","https://www.paruvendu.fr/a/voiture-occasion/renault/clio-iv/1230150954A1KVVORECL4"
"217","https://www.paruvendu.fr/a/voiture-occasion/mercedes/classe-a/1229174202A1KVVOMEA"
"218","https://www.paruvendu.fr/a/voiture-occasion/mitsubishi/divers/1229180923A1KVVOMIZZZ"
"219","https://www.paruvendu.fr/a/voiture-occasion/mercedes/classe-a/1229026398A1KVVOMEA"
"220","https://www.paruvendu.fr/a/voiture-occasion/audi/a3/1229181304A1KVVOAUA3"
"221","https://www.paruvendu.fr/a/voiture-occasion/skoda/yeti/1230151488A1KVVOSKYET"
"222","https://www.paruvendu.fr/a/voiture-occasion/audi/s5/1229599894A1KVVOAUS5"
"223","https://www.paruvendu.fr/a/voiture-occasion/seat/leon/1228018092A1KVVOSELEO"
"224","https://www.paruvendu.fr/a/voiture-occasion/ford/fiesta/1228857545A1KVVOFOFIE"
"225","https://www.paruvendu.fr/a/voiture-occasion/citroen/c5/1227864123A1KVVOCIC5"
"226","https://www.paruvendu.fr/a/voiture-occasion/citroen/ds3/1228786932A1KVVOCIDS3"
"227","https://www.paruvendu.fr/a/voiture-occasion/renault/clio-iv/1230151478A1KVVORECL4"
"228","https://www.paruvendu.fr/a/voiture-occasion/dacia/duster/1230151481A1KVVODCDUS"
"229","https://www.paruvendu.fr/a/voiture-occasion/renault/clio-iv/1230150955A1KVVORECL4"
"230","https://www.paruvendu.fr/a/voiture-occasion/peugeot/208/1230150952A1KVVOPE208"
"231","https://www.paruvendu.fr/a/voiture-occasion/peugeot/208/1230150951A1KVVOPE208"
"232","https://www.paruvendu.fr/a/voiture-occasion/volkswagen/golf/1228714480A1KVVOVWGOL"
"233","https://www.paruvendu.fr/a/voiture-occasion/honda/cr-z/1228811963A1KVVOHOCRZ"
"234","https://www.paruvendu.fr/a/voiture-occasion/smart/forfour/1228719727A1KVVOSMFFO"
"235","https://www.paruvendu.fr/a/voiture-occasion/peugeot/3008/1229019749A1KVVOPE3M8"
"236","https://www.paruvendu.fr/a/voiture-occasion/renault/clio-iv/1230151479A1KVVORECL4"
"237","https://www.paruvendu.fr/a/voiture-occasion/citroen/ds3/1228722515A1KVVOCIDS3"
"238","https://www.paruvendu.fr/a/voiture-occasion/bmw/x1/1228443750A1KVVOBMX1"
"239","https://www.paruvendu.fr/a/voiture-occasion/bmw/x1/1228724191A1KVVOBMX1"
"240","https://www.paruvendu.fr/a/voiture-occasion/lancia/thema/1228719656A1KVVOLCTHE"
"241","https://www.paruvendu.fr/a/voiture-occasion/peugeot/307/1227442197A1KVVOPE307"
"242","https://www.paruvendu.fr/a/voiture-occasion/dacia/duster/1230151474A1KVVODCDUS"
"243","https://www.paruvendu.fr/a/voiture-occasion/dacia/duster/1230151473A1KVVODCDUS"
"244","https://www.paruvendu.fr/a/voiture-occasion/alfa-romeo/divers/1230150945A1KVVOALZZZ"
"245","https://www.paruvendu.fr/a/voiture-occasion/nissan/divers/1230150944A1KVVONIZZZ"
"246","https://www.paruvendu.fr/a/voiture-occasion/volvo/v40/1230150946A1KVVOVOV40"
"247","https://www.paruvendu.fr/a/voiture-occasion/renault/megane-iv/1230032192A1KVVOREME4"
"248","https://www.paruvendu.fr/a/voiture-occasion/audi/a3/1227281191A1KVVOAUA3"
"249","https://www.paruvendu.fr/a/voiture-occasion/mini/clubman/1224149331A1KVVOMCCLU"
"250","https://www.paruvendu.fr/a/voiture-occasion/skoda/octavia/1230150505A1KVVOSKOCT"
"251","https://www.paruvendu.fr/a/voiture-occasion/renault/clio-iv/1230151476A1KVVORECL4"
"252","https://www.paruvendu.fr/a/voiture-occasion/mercedes/classe-e/1230150052A1KVVOMEE"
"253","https://www.paruvendu.fr/a/voiture-occasion/renault/kadjar/1230115862A1KVVOREKAD"
"254","https://www.paruvendu.fr/a/voiture-occasion/peugeot/206/1229807595A1KVVOPE206"
"255","https://www.paruvendu.fr/a/voiture-occasion/citroen/c3-aircross/1229440920A1KVVOCIC3A"
"256","https://www.paruvendu.fr/a/voiture-occasion/volkswagen/golf/1230144297A1KVVOVWGOL"
"257","https://www.paruvendu.fr/a/voiture-occasion/audi/a3/1230151469A1KVVOAUA3"
"258","https://www.paruvendu.fr/a/voiture-occasion/volkswagen/polo/1230049463A1KVVOVWPOL"
"259","https://www.paruvendu.fr/a/voiture-occasion/renault/megane/1230150948A1KVVOREMEG"
"260","https://www.paruvendu.fr/a/voiture-occasion/renault/megane/1230150947A1KVVOREMEG"
"261","https://www.paruvendu.fr/a/voiture-occasion/nissan/divers/1230150949A1KVVONIZZZ"
"262","https://www.paruvendu.fr/a/voiture-occasion/toyota/c-hr/1230149163A1KVVOTOCHR"
"263","https://www.paruvendu.fr/a/voiture-occasion/skoda/octavia/1230105105A1KVVOSKOCT"
"264","https://www.paruvendu.fr/a/voiture-occasion/citroen/2-cv-dyane/1230148933A1KVVOCI2CV"
"265","https://www.paruvendu.fr/a/voiture-occasion/hyundai/ix35/1229933887A1KVVOHYIX3"
"266","https://www.paruvendu.fr/a/voiture-occasion/renault/trafic/1230151472A1KVVORETRA"
"267","https://www.paruvendu.fr/a/voiture-occasion/citroen/c4-picasso/1226950080A1KVVOCIC4P"
"268","https://www.paruvendu.fr/a/voiture-occasion/audi/a5/1230148806A1KVVOAUA5"
"269","https://www.paruvendu.fr/a/voiture-occasion/mazda/mx-5/1228687954A1KVVOMAMX5"
"270","https://www.paruvendu.fr/a/voiture-occasion/audi/a4/1230148259A1KVVOAUA4"
"271","https://www.paruvendu.fr/a/voiture-occasion/bmw/serie-1/1230148539A1KVVOBMS1"
"272","https://www.paruvendu.fr/a/voiture-occasion/mini/cooper-s/1230151461A1KVVOMCCOS"
"273","https://www.paruvendu.fr/a/voiture-occasion/porsche/panamera/1230151466A1KVVOPOPAN"
"274","https://www.paruvendu.fr/a/voiture-occasion/renault/clio-iv/1230150941A1KVVORECL4"
"275","https://www.paruvendu.fr/a/voiture-occasion/renault/clio-iv/1230150942A1KVVORECL4"
"276","https://www.paruvendu.fr/a/voiture-occasion/renault/clio-iv/1230150943A1KVVORECL4"
"277","https://www.paruvendu.fr/a/voiture-occasion/bmw/serie-1/1230148515A1KVVOBMS1"
"278","https://www.paruvendu.fr/a/voiture-occasion/ford/ranger/1229591796A1KVVOFORAN"
"279","https://www.paruvendu.fr/a/voiture-occasion/citroen/c4/1227749197A1KVVOCIC4"
"280","https://www.paruvendu.fr/a/voiture-occasion/audi/a4/1230148536A1KVVOAUA4"
"281","https://www.paruvendu.fr/a/voiture-occasion/mercedes/classe-a/1230151464A1KVVOMEA"
"282","https://www.paruvendu.fr/a/voiture-occasion/citroen/c3-aircross/1229450095A1KVVOCIC3A"
"283","https://www.paruvendu.fr/a/voiture-occasion/citroen/c1/1229449994A1KVVOCIC1"
"284","https://www.paruvendu.fr/a/voiture-occasion/peugeot/307-sw/1230148258A1KVVOPE3SW"
"285","https://www.paruvendu.fr/a/voiture-occasion/opel/corsa/1230145366A1KVVOOPCOR"
"286","https://www.paruvendu.fr/a/voiture-occasion/renault/clio/1230150969A1KVVORECLI"
"287","https://www.paruvendu.fr/a/voiture-occasion/renault/divers/1230150970A1KVVOREZZZ"
"288","https://www.paruvendu.fr/a/voiture-occasion/peugeot/divers/1230150964A1KVVOPEZZZ"
"289","https://www.paruvendu.fr/a/voiture-occasion/nissan/divers/1230150963A1KVVONIZZZ"
"290","https://www.paruvendu.fr/a/voiture-occasion/nissan/divers/1230150962A1KVVONIZZZ"
"291","https://www.paruvendu.fr/a/voiture-occasion/nissan/divers/1230150965A1KVVONIZZZ"
"292","https://www.paruvendu.fr/a/voiture-occasion/nissan/divers/1230150961A1KVVONIZZZ"
"293","https://www.paruvendu.fr/a/voiture-occasion/renault/clio-iv/1230150957A1KVVORECL4"
"294","https://www.paruvendu.fr/a/voiture-occasion/renault/clio-iv/1230150956A1KVVORECL4"
"295","https://www.paruvendu.fr/a/voiture-occasion/peugeot/208/1230150950A1KVVOPE208"
"296","https://www.paruvendu.fr/a/voiture-occasion/citroen/berlingo/1230150953A1KVVOCIBER"
"297","https://www.paruvendu.fr/a/voiture-occasion/renault/clio-iv/1230150954A1KVVORECL4"
"298","https://www.paruvendu.fr/a/voiture-occasion/renault/clio-iv/1230150955A1KVVORECL4"
"299","https://www.paruvendu.fr/a/voiture-occasion/peugeot/208/1230150952A1KVVOPE208"
"300","https://www.paruvendu.fr/a/voiture-occasion/peugeot/208/1230150951A1KVVOPE208"
"301","https://www.paruvendu.fr/a/voiture-occasion/alfa-romeo/divers/1230150945A1KVVOALZZZ"
"302","https://www.paruvendu.fr/a/voiture-occasion/nissan/divers/1230150944A1KVVONIZZZ"
"303","https://www.paruvendu.fr/a/voiture-occasion/volvo/v40/1230150946A1KVVOVOV40"
"304","https://www.paruvendu.fr/a/voiture-occasion/renault/megane/1230150948A1KVVOREMEG"
"305","https://www.paruvendu.fr/a/voiture-occasion/renault/megane/1230150947A1KVVOREMEG"
"306","https://www.paruvendu.fr/a/voiture-occasion/nissan/divers/1230150949A1KVVONIZZZ"
"307","https://www.paruvendu.fr/a/voiture-occasion/renault/clio-iv/1230150941A1KVVORECL4"
"308","https://www.paruvendu.fr/a/voiture-occasion/renault/clio-iv/1230150942A1KVVORECL4"
"309","https://www.paruvendu.fr/a/voiture-occasion/renault/clio-iv/1230150943A1KVVORECL4"
"310","https://www.paruvendu.fr/a/voiture-occasion/citroen/c3/1230150940A1KVVOCIC3"
"311","https://www.paruvendu.fr/a/voiture-occasion/peugeot/508-sw/1230150939A1KVVOPE5SW"
"312","https://www.paruvendu.fr/a/voiture-occasion/mercedes/classe-glc/1230150938A1KVVOMEGLC"
"313","https://www.paruvendu.fr/a/voiture-occasion/nissan/divers/1230131604A1KVVONIZZZ"
"314","https://www.paruvendu.fr/a/voiture-occasion/audi/divers/1230150937A1KVVOAUZZZ"
"315","https://www.paruvendu.fr/a/voiture-occasion/renault/clio-iv/1230150936A1KVVORECL4"
"316","https://www.paruvendu.fr/a/voiture-occasion/renault/clio-iv/1230150935A1KVVORECL4"
"317","https://www.paruvendu.fr/a/voiture-occasion/nissan/divers/1230150933A1KVVONIZZZ"
"318","https://www.paruvendu.fr/a/voiture-occasion/nissan/divers/1230150934A1KVVONIZZZ"
"319","https://www.paruvendu.fr/a/voiture-occasion/renault/divers/1230150932A1KVVOREZZZ"
"320","https://www.paruvendu.fr/a/voiture-occasion/renault/divers/1230150931A1KVVOREZZZ"
"321","https://www.paruvendu.fr/a/voiture-occasion/citroen/divers/1230150930A1KVVOCIZZZ"
"322","https://www.paruvendu.fr/a/voiture-occasion/nissan/divers/1230150929A1KVVONIZZZ"
"323","https://www.paruvendu.fr/a/voiture-occasion/fiat/divers/1230150928A1KVVOFIZZZ"
"324","https://www.paruvendu.fr/a/voiture-occasion/jaguar/divers/1230150927A1KVVOJAZZZ"
"325","https://www.paruvendu.fr/a/voiture-occasion/fiat/divers/1230150926A1KVVOFIZZZ"
"326","https://www.paruvendu.fr/a/voiture-occasion/fiat/divers/1230150925A1KVVOFIZZZ"
"327","https://www.paruvendu.fr/a/voiture-occasion/renault/clio/1230150921A1KVVORECLI"
"328","https://www.paruvendu.fr/a/voiture-occasion/renault/divers/1230150919A1KVVOREZZZ"
"329","https://www.paruvendu.fr/a/voiture-occasion/volkswagen/divers/1230150920A1KVVOVWZZZ"
"330","https://www.paruvendu.fr/a/voiture-occasion/dacia/divers/1230150917A1KVVODCZZZ"
"331","https://www.paruvendu.fr/a/voiture-occasion/peugeot/divers/1230150915A1KVVOPEZZZ"
"332","https://www.paruvendu.fr/a/voiture-occasion/renault/divers/1230150918A1KVVOREZZZ"
"333","https://www.paruvendu.fr/a/voiture-occasion/volkswagen/divers/1230150916A1KVVOVWZZZ"
"334","https://www.paruvendu.fr/a/voiture-occasion/fiat/divers/1230150913A1KVVOFIZZZ"
"335","https://www.paruvendu.fr/a/voiture-occasion/renault/divers/1230150912A1KVVOREZZZ"
"336","https://www.paruvendu.fr/a/voiture-occasion/kia/sportage/1230150914A1KVVOKISPO"
"337","https://www.paruvendu.fr/a/voiture-occasion/suzuki/divers/1230150910A1KVVOSUZZZ"
"338","https://www.paruvendu.fr/a/voiture-occasion/renault/clio/1230150911A1KVVORECLI"
"339","https://www.paruvendu.fr/a/voiture-occasion/renault/divers/1230150909A1KVVOREZZZ"
"340","https://www.paruvendu.fr/a/voiture-occasion/citroen/divers/1230150908A1KVVOCIZZZ"
"341","https://www.paruvendu.fr/a/voiture-occasion/peugeot/divers/1230150906A1KVVOPEZZZ"
"342","https://www.paruvendu.fr/a/voiture-occasion/nissan/divers/1230150905A1KVVONIZZZ"
"343","https://www.paruvendu.fr/a/voiture-occasion/nissan/divers/1230150907A1KVVONIZZZ"
"344","https://www.paruvendu.fr/a/voiture-occasion/nissan/divers/1230150904A1KVVONIZZZ"
"345","https://www.paruvendu.fr/a/voiture-occasion/nissan/divers/1230150903A1KVVONIZZZ"
"346","https://www.paruvendu.fr/a/voiture-occasion/renault/clio-iv/1230150899A1KVVORECL4"
"347","https://www.paruvendu.fr/a/voiture-occasion/citroen/berlingo/1230150895A1KVVOCIBER"
"348","https://www.paruvendu.fr/a/voiture-occasion/renault/clio-iv/1230150896A1KVVORECL4"
"349","https://www.paruvendu.fr/a/voiture-occasion/renault/clio-iv/1230150898A1KVVORECL4"
"350","https://www.paruvendu.fr/a/voiture-occasion/renault/clio-iv/1230150897A1KVVORECL4"
"351","https://www.paruvendu.fr/a/voiture-occasion/peugeot/208/1230150894A1KVVOPE208"
"352","https://www.paruvendu.fr/a/voiture-occasion/peugeot/208/1230150893A1KVVOPE208"
"353","https://www.paruvendu.fr/a/voiture-occasion/peugeot/208/1230150892A1KVVOPE208"
"354","https://www.paruvendu.fr/a/voiture-occasion/renault/megane/1230150890A1KVVOREMEG"
"355","https://www.paruvendu.fr/a/voiture-occasion/renault/megane/1230150889A1KVVOREMEG"
"356","https://www.paruvendu.fr/a/voiture-occasion/nissan/divers/1230150891A1KVVONIZZZ"
"357","https://www.paruvendu.fr/a/voiture-occasion/alfa-romeo/divers/1230150887A1KVVOALZZZ"
"358","https://www.paruvendu.fr/a/voiture-occasion/renault/clio-iv/1230150883A1KVVORECL4"
"359","https://www.paruvendu.fr/a/voiture-occasion/renault/clio-iv/1230150884A1KVVORECL4"
"360","https://www.paruvendu.fr/a/voiture-occasion/renault/clio-iv/1230150885A1KVVORECL4"
"361","https://www.paruvendu.fr/a/voiture-occasion/nissan/divers/1230150886A1KVVONIZZZ"
"362","https://www.paruvendu.fr/a/voiture-occasion/volvo/v40/1230150888A1KVVOVOV40"
"363","https://www.paruvendu.fr/a/voiture-occasion/citroen/c3/1230150882A1KVVOCIC3"
"364","https://www.paruvendu.fr/a/voiture-occasion/peugeot/508-sw/1230150881A1KVVOPE5SW"
"365","https://www.paruvendu.fr/a/voiture-occasion/audi/divers/1230150880A1KVVOAUZZZ"
"366","https://www.paruvendu.fr/a/voiture-occasion/nissan/divers/1230131866A1KVVONIZZZ"
"367","https://www.paruvendu.fr/a/voiture-occasion/renault/clio-iv/1230150879A1KVVORECL4"
"368","https://www.paruvendu.fr/a/voiture-occasion/renault/clio-iv/1230150878A1KVVORECL4"
"369","https://www.paruvendu.fr/a/voiture-occasion/nissan/divers/1230150877A1KVVONIZZZ"
"370","https://www.paruvendu.fr/a/voiture-occasion/nissan/divers/1230150876A1KVVONIZZZ"
"371","https://www.paruvendu.fr/a/voiture-occasion/renault/divers/1230150875A1KVVOREZZZ"
"372","https://www.paruvendu.fr/a/voiture-occasion/renault/divers/1230150874A1KVVOREZZZ"
"373","https://www.paruvendu.fr/a/voiture-occasion/citroen/divers/1230150873A1KVVOCIZZZ"
"374","https://www.paruvendu.fr/a/voiture-occasion/nissan/divers/1230150872A1KVVONIZZZ"
"375","https://www.paruvendu.fr/a/voiture-occasion/fiat/divers/1230150871A1KVVOFIZZZ"
"376","https://www.paruvendu.fr/a/voiture-occasion/jaguar/divers/1230150870A1KVVOJAZZZ"
"377","https://www.paruvendu.fr/a/voiture-occasion/fiat/divers/1230150868A1KVVOFIZZZ"
"378","https://www.paruvendu.fr/a/voiture-occasion/seat/ibiza/1230150869A1KVVOSEIBI"
"379","https://www.paruvendu.fr/a/voiture-occasion/kia/sorento/1229716357A1KVVOKISOR"
"380","https://www.paruvendu.fr/a/voiture-occasion/mini/cooper/1230150865A1KVVOMCCOO"
"381","https://www.paruvendu.fr/a/voiture-occasion/volkswagen/golf/1230150867A1KVVOVWGOL"
"382","https://www.paruvendu.fr/a/voiture-occasion/fiat/divers/1230150866A1KVVOFIZZZ"
"383","https://www.paruvendu.fr/a/voiture-occasion/audi/a6/1230150863A1KVVOAUA6"
"384","https://www.paruvendu.fr/a/voiture-occasion/audi/a7/1230150862A1KVVOAUA7"
"385","https://www.paruvendu.fr/a/voiture-occasion/volkswagen/t-roc/1230150861A1KVVOVWTRO"
"386","https://www.paruvendu.fr/a/voiture-occasion/peugeot/208/1230135967A1KVVOPE208"
"387","https://www.paruvendu.fr/a/voiture-occasion/jeep/grand-cherokee/1230106109A1KVVOJEGCH"
"388","https://www.paruvendu.fr/a/voiture-occasion/opel/mokka/1230082629A1KVVOOPMOK"
"389","https://www.paruvendu.fr/a/voiture-occasion/audi/a3/1230116806A1KVVOAUA3"
"390","https://www.paruvendu.fr/a/voiture-occasion/citroen/c4-picasso/1230034956A1KVVOCIC4P"
"391","https://www.paruvendu.fr/a/voiture-occasion/renault/twingo-iii/1229877761A1KVVORETW3"
"392","https://www.paruvendu.fr/a/voiture-occasion/nissan/qashqai-2/1229646368A1KVVONIQS2"
"393","https://www.paruvendu.fr/a/voiture-occasion/volkswagen/golf/1229665256A1KVVOVWGOL"
"394","https://www.paruvendu.fr/a/voiture-occasion/audi/a3/1229973618A1KVVOAUA3"
"395","https://www.paruvendu.fr/a/voiture-occasion/bmw/x1/1230032523A1KVVOBMX1"
"396","https://www.paruvendu.fr/a/voiture-occasion/bmw/x1/1230032111A1KVVOBMX1"
"397","https://www.paruvendu.fr/a/voiture-occasion/audi/q5/1230002659A1KVVOAUQ5"
"398","https://www.paruvendu.fr/a/voiture-occasion/renault/super-5/1229816679A1KVVORER5S"
"399","https://www.paruvendu.fr/a/voiture-occasion/mercedes/classe-a/1229993916A1KVVOMEA"
"400","https://www.paruvendu.fr/a/voiture-occasion/chevrolet/cruze/1229990279A1KVVOCVCRU"
"401","https://www.paruvendu.fr/a/voiture-occasion/peugeot/208/1229993448A1KVVOPE208"
"402","https://www.paruvendu.fr/a/voiture-occasion/peugeot/108/1229989150A1KVVOPE108"
"403","https://www.paruvendu.fr/a/voiture-occasion/mini/cooper/1229984907A1KVVOMCCOO"
"404","https://www.paruvendu.fr/a/voiture-occasion/dacia/duster/1229943619A1KVVODCDUS"
"405","https://www.paruvendu.fr/a/voiture-occasion/bmw/serie-3/1229988997A1KVVOBMS3"
"406","https://www.paruvendu.fr/a/voiture-occasion/jeep/grand-cherokee/1229993193A1KVVOJEGCH"
"407","https://www.paruvendu.fr/a/voiture-occasion/audi/a4/1229645779A1KVVOAUA4"
"408","https://www.paruvendu.fr/a/voiture-occasion/peugeot/2008/1229833328A1KVVOPE2M8"
"409","https://www.paruvendu.fr/a/voiture-occasion/audi/a5/1229811182A1KVVOAUA5"
"410","https://www.paruvendu.fr/a/voiture-occasion/porsche/911-996-/1229648001A1KVVOPO996"
"411","https://www.paruvendu.fr/a/voiture-occasion/audi/q5/1229817310A1KVVOAUQ5"
"412","https://www.paruvendu.fr/a/voiture-occasion/audi/a4/1229139492A1KVVOAUA4"
"413","https://www.paruvendu.fr/a/voiture-occasion/bmw/serie-1/1229042151A1KVVOBMS1"
"414","https://www.paruvendu.fr/a/voiture-occasion/peugeot/3008/1229355969A1KVVOPE3M8"
"415","https://www.paruvendu.fr/a/voiture-occasion/citroen/c3/1229448886A1KVVOCIC3"
"416","https://www.paruvendu.fr/a/voiture-occasion/alfa-romeo/giulietta/1229448156A1KVVOALGIU"
"417","https://www.paruvendu.fr/a/voiture-occasion/toyota/yaris/1229025207A1KVVOTOYAR"
"418","https://www.paruvendu.fr/a/voiture-occasion/bmw/serie-1/1229178915A1KVVOBMS1"
"419","https://www.paruvendu.fr/a/voiture-occasion/nissan/qashqai/1229177924A1KVVONIQAS"
"420","https://www.paruvendu.fr/a/voiture-occasion/bmw/serie-3/1229442558A1KVVOBMS3"
"421","https://www.paruvendu.fr/a/voiture-occasion/abarth/500/1229449955A1KVVOAB500"
"422","https://www.paruvendu.fr/a/voiture-occasion/porsche/boxster-986-/1229456377A1KVVOPO986"
"423","https://www.paruvendu.fr/a/voiture-occasion/mitsubishi/divers/1229180923A1KVVOMIZZZ"
"424","https://www.paruvendu.fr/a/voiture-occasion/mercedes/classe-a/1229026398A1KVVOMEA"
"425","https://www.paruvendu.fr/a/voiture-occasion/audi/a3/1229181304A1KVVOAUA3"
"426","https://www.paruvendu.fr/a/voiture-occasion/mercedes/classe-a/1229174202A1KVVOMEA"
"427","https://www.paruvendu.fr/a/voiture-occasion/audi/s5/1229599894A1KVVOAUS5"
"428","https://www.paruvendu.fr/a/voiture-occasion/seat/leon/1228018092A1KVVOSELEO"
"429","https://www.paruvendu.fr/a/voiture-occasion/ford/fiesta/1228857545A1KVVOFOFIE"
"430","https://www.paruvendu.fr/a/voiture-occasion/citroen/c5/1227864123A1KVVOCIC5"
"431","https://www.paruvendu.fr/a/voiture-occasion/citroen/ds3/1228786932A1KVVOCIDS3"
"432","https://www.paruvendu.fr/a/voiture-occasion/honda/cr-z/1228811963A1KVVOHOCRZ"
"433","https://www.paruvendu.fr/a/voiture-occasion/smart/forfour/1228719727A1KVVOSMFFO"
"434","https://www.paruvendu.fr/a/voiture-occasion/peugeot/3008/1229019749A1KVVOPE3M8"
"435","https://www.paruvendu.fr/a/voiture-occasion/volkswagen/golf/1228714480A1KVVOVWGOL"
"436","https://www.paruvendu.fr/a/voiture-occasion/citroen/ds3/1228722515A1KVVOCIDS3"
"437","https://www.paruvendu.fr/a/voiture-occasion/bmw/x1/1228443750A1KVVOBMX1"
"438","https://www.paruvendu.fr/a/voiture-occasion/bmw/x1/1228724191A1KVVOBMX1"
"439","https://www.paruvendu.fr/a/voiture-occasion/lancia/thema/1228719656A1KVVOLCTHE"
"440","https://www.paruvendu.fr/a/voiture-occasion/peugeot/307/1227442197A1KVVOPE307"
"441","https://www.paruvendu.fr/a/voiture-occasion/audi/a3/1227281191A1KVVOAUA3"
"442","https://www.paruvendu.fr/a/voiture-occasion/mini/clubman/1224149331A1KVVOMCCLU"
"443","https://www.paruvendu.fr/a/voiture-occasion/skoda/octavia/1230150505A1KVVOSKOCT"
"444","https://www.paruvendu.fr/a/voiture-occasion/renault/megane-iv/1230032192A1KVVOREME4"
"445","https://www.paruvendu.fr/a/voiture-occasion/citroen/ds4/1230150731A1KVVOCIDS4"
"446","https://www.paruvendu.fr/a/voiture-occasion/dacia/sandero/1230150730A1KVVODCSAN"
"447","https://www.paruvendu.fr/a/voiture-occasion/renault/megane/1230150728A1KVVOREMEG"
"448","https://www.paruvendu.fr/a/voiture-occasion/peugeot/5008/1230150729A1KVVOPE5M8"
"449","https://www.paruvendu.fr/a/voiture-occasion/ford/mustang/1230150727A1KVVOFOMUS"
"450","https://www.paruvendu.fr/a/voiture-occasion/renault/clio-iii-estate/1230150726A1KVVOREC3E"
"451","https://www.paruvendu.fr/a/voiture-occasion/toyota/rav-4/1230150724A1KVVOTORAV"
"452","https://www.paruvendu.fr/a/voiture-occasion/mercedes/classe-a/1230150725A1KVVOMEA"
"453","https://www.paruvendu.fr/a/voiture-occasion/opel/corsa/1230150720A1KVVOOPCOR"
"454","https://www.paruvendu.fr/a/voiture-occasion/opel/insignia/1230150723A1KVVOOPINS"
"455","https://www.paruvendu.fr/a/voiture-occasion/chevrolet/volt/1230150721A1KVVOCVVOL"
"456","https://www.paruvendu.fr/a/voiture-occasion/opel/corsa/1230150715A1KVVOOPCOR"
"457","https://www.paruvendu.fr/a/voiture-occasion/peugeot/208/1230150719A1KVVOPE208"
"458","https://www.paruvendu.fr/a/voiture-occasion/mazda/mazda3/1230150716A1KVVOMA3"
"459","https://www.paruvendu.fr/a/voiture-occasion/audi/a7/1230150718A1KVVOAUA7"
"460","https://www.paruvendu.fr/a/voiture-occasion/ford/fiesta/1230150714A1KVVOFOFIE"
"461","https://www.paruvendu.fr/a/voiture-occasion/renault/megane-classic/1230150711A1KVVOREGCL"
"462","https://www.paruvendu.fr/a/voiture-occasion/ford/c-max/1230150712A1KVVOFOCMA"
"463","https://www.paruvendu.fr/a/voiture-occasion/maserati/ghibli/1230150713A1KVVOMZGHI"
"464","https://www.paruvendu.fr/a/voiture-occasion/renault/grand-scenic-iii/1230150710A1KVVOREGS3"
"465","https://www.paruvendu.fr/a/voiture-occasion/renault/clio-iv/1230150707A1KVVORECL4"
"466","https://www.paruvendu.fr/a/voiture-occasion/renault/megane/1230150708A1KVVOREMEG"
"467","https://www.paruvendu.fr/a/voiture-occasion/peugeot/3008/1230150709A1KVVOPE3M8"
"468","https://www.paruvendu.fr/a/voiture-occasion/renault/scenic-iii/1230150703A1KVVORESC3"
"469","https://www.paruvendu.fr/a/voiture-occasion/peugeot/208/1230150704A1KVVOPE208"
"470","https://www.paruvendu.fr/a/voiture-occasion/volkswagen/tiguan/1230150705A1KVVOVWTIG"
"471","https://www.paruvendu.fr/a/voiture-occasion/peugeot/3008/1230150706A1KVVOPE3M8"
"472","https://www.paruvendu.fr/a/voiture-occasion/citroen/ds3/1230150699A1KVVOCIDS3"
"473","https://www.paruvendu.fr/a/voiture-occasion/fiat/punto/1230150700A1KVVOFIPUN"
"474","https://www.paruvendu.fr/a/voiture-occasion/volkswagen/golf/1230150701A1KVVOVWGOL"
"475","https://www.paruvendu.fr/a/voiture-occasion/mercedes/classe-a/1230150702A1KVVOMEA"
"476","https://www.paruvendu.fr/a/voiture-occasion/renault/megane-classic/1230150696A1KVVOREGCL"
"477","https://www.paruvendu.fr/a/voiture-occasion/mercedes/classe-gla/1230150697A1KVVOMEGLA"
"478","https://www.paruvendu.fr/a/voiture-occasion/mercedes/classe-c/1230150698A1KVVOMEC"
"479","https://www.paruvendu.fr/a/voiture-occasion/citroen/c3-aircross/1230150685A1KVVOCIC3A"
"480","https://www.paruvendu.fr/a/voiture-occasion/audi/q3/1230150684A1KVVOAUQ3"
"481","https://www.paruvendu.fr/a/voiture-occasion/jaguar/f-pace/1229017090A1KVVOJAFPA"
"482","https://www.paruvendu.fr/a/voiture-occasion/audi/a3/1230150683A1KVVOAUA3"
"483","https://www.paruvendu.fr/a/voiture-occasion/mercedes/classe-e/1230150052A1KVVOMEE"
"484","https://www.paruvendu.fr/a/voiture-occasion/renault/kadjar/1230150648A1KVVOREKAD"
"485","https://www.paruvendu.fr/a/voiture-occasion/renault/kadjar/1230115862A1KVVOREKAD"
"486","https://www.paruvendu.fr/a/voiture-occasion/peugeot/206/1229807595A1KVVOPE206"
"487","https://www.paruvendu.fr/a/voiture-occasion/dacia/sandero/1230150643A1KVVODCSAN"
"488","https://www.paruvendu.fr/a/voiture-occasion/citroen/c3-aircross/1229440920A1KVVOCIC3A"
"489","https://www.paruvendu.fr/a/voiture-occasion/renault/megane/1230150612A1KVVOREMEG"
"490","https://www.paruvendu.fr/a/voiture-occasion/peugeot/208/1229736359A1KVVOPE208"
"491","https://www.paruvendu.fr/a/voiture-occasion/volkswagen/golf/1230150606A1KVVOVWGOL"
"492","https://www.paruvendu.fr/a/voiture-occasion/audi/a1/1230101513A1KVVOAUA1"
"493","https://www.paruvendu.fr/a/voiture-occasion/peugeot/208/1230150564A1KVVOPE208"
"494","https://www.paruvendu.fr/a/voiture-occasion/renault/clio/1230150563A1KVVORECLI"
"495","https://www.paruvendu.fr/a/voiture-occasion/renault/clio/1230102985A1KVVORECLI"
"496","https://www.paruvendu.fr/a/voiture-occasion/volkswagen/golf/1230150562A1KVVOVWGOL"
"497","https://www.paruvendu.fr/a/voiture-occasion/citroen/c3/1230150559A1KVVOCIC3"
"498","https://www.paruvendu.fr/a/voiture-occasion/bmw/serie-1/1230150560A1KVVOBMS1"
"499","https://www.paruvendu.fr/a/voiture-occasion/nissan/micra/1230150558A1KVVONIMIC"
"500","https://www.paruvendu.fr/a/voiture-occasion/peugeot/308/1230150561A1KVVOPE308"
"501","https://www.paruvendu.fr/a/voiture-occasion/audi/a3/1229534232A1KVVOAUA3"
"502","https://www.paruvendu.fr/a/voiture-occasion/citroen/c4/1228775985A1KVVOCIC4"
"503","https://www.paruvendu.fr/a/voiture-occasion/audi/a4/1230150556A1KVVOAUA4"
"504","https://www.paruvendu.fr/a/voiture-occasion/renault/megane/1230150557A1KVVOREMEG"
"505","https://www.paruvendu.fr/a/voiture-occasion/audi/q5/1229907140A1KVVOAUQ5"
"506","https://www.paruvendu.fr/a/voiture-occasion/volkswagen/scirocco/1229791809A1KVVOVWSCI"
"507","https://www.paruvendu.fr/a/voiture-occasion/kia/picanto/1230150555A1KVVOKIPIC"
"508","https://www.paruvendu.fr/a/voiture-occasion/ford/kuga/1229963677A1KVVOFOKUG"
"509","https://www.paruvendu.fr/a/voiture-occasion/audi/r8/1230150554A1KVVOAUR8"
"510","https://www.paruvendu.fr/a/voiture-occasion/ford/focus/1230076952A1KVVOFOFOC"
"511","https://www.paruvendu.fr/a/voiture-occasion/fiat/500-l/1230150541A1KVVOFI50L"
"512","https://www.paruvendu.fr/a/voiture-occasion/bmw/serie-4/1230150531A1KVVOBMS4"
"513","https://www.paruvendu.fr/a/voiture-occasion/bmw/serie-4/1230150530A1KVVOBMS4"
"514","https://www.paruvendu.fr/a/voiture-occasion/mini/cooper/1229940085A1KVVOMCCOO"
"515","https://www.paruvendu.fr/a/voiture-occasion/bmw/serie-1/1230150529A1KVVOBMS1"
"516","https://www.paruvendu.fr/a/voiture-occasion/bmw/serie-2/1230150528A1KVVOBMS2"
"517","https://www.paruvendu.fr/a/voiture-occasion/bmw/serie-2/1230150525A1KVVOBMS2"
"518","https://www.paruvendu.fr/a/voiture-occasion/bmw/x1/1230150523A1KVVOBMX1"
"519","https://www.paruvendu.fr/a/voiture-occasion/peugeot/208/1230150518A1KVVOPE208"
"520","https://www.paruvendu.fr/a/voiture-occasion/citroen/xsara-coupe/1230150510A1KVVOCIXPE"
"521","https://www.paruvendu.fr/a/voiture-occasion/renault/megane/1230150511A1KVVOREMEG"
"522","https://www.paruvendu.fr/a/voiture-occasion/citroen/c4-aircross/1228868323A1KVVOCIC4A"
"523","https://www.paruvendu.fr/a/voiture-occasion/citroen/ds4/1229448406A1KVVOCIDS4"
"524","https://www.paruvendu.fr/a/voiture-occasion/citroen/c3/1227255034A1KVVOCIC3"
"525","https://www.paruvendu.fr/a/voiture-occasion/citroen/c3/1227061212A1KVVOCIC3"
"526","https://www.paruvendu.fr/a/voiture-occasion/citroen/c4-cactus/1227003485A1KVVOCI4C"
"527","https://www.paruvendu.fr/a/voiture-occasion/citroen/c3/1226041951A1KVVOCIC3"
"528","https://www.paruvendu.fr/a/voiture-occasion/citroen/c5/1230150496A1KVVOCIC5"
"529","https://www.paruvendu.fr/a/voiture-occasion/nissan/juke/1225843187A1KVVONIJUK"
"530","https://www.paruvendu.fr/a/voiture-occasion/mercedes/classe-b/1225903239A1KVVOMEB"
"531","https://www.paruvendu.fr/a/voiture-occasion/citroen/c3/1226397960A1KVVOCIC3"
"532","https://www.paruvendu.fr/a/voiture-occasion/opel/meriva/1230150493A1KVVOOPMER"
"533","https://www.paruvendu.fr/a/voiture-occasion/opel/corsa/1230150494A1KVVOOPCOR"
"534","https://www.paruvendu.fr/a/voiture-occasion/ford/focus-c-max/1226224730A1KVVOFOCMX"
"535","https://www.paruvendu.fr/a/voiture-occasion/seat/toledo/1230093530A1KVVOSETOL"
"536","https://www.paruvendu.fr/a/voiture-occasion/ford/kuga/1229573761A1KVVOFOKUG"
"537","https://www.paruvendu.fr/a/voiture-occasion/citroen/c3/1224465523A1KVVOCIC3"
"538","https://www.paruvendu.fr/a/voiture-occasion/citroen/c4-aircross/1223121490A1KVVOCIC4A"
"539","https://www.paruvendu.fr/a/voiture-occasion/citroen/c3/1222258297A1KVVOCIC3"
"540","https://www.paruvendu.fr/a/voiture-occasion/citroen/c4-cactus/1222281648A1KVVOCI4C"
"541","https://www.paruvendu.fr/a/voiture-occasion/citroen/ds4/1222158752A1KVVOCIDS4"
"542","https://www.paruvendu.fr/a/voiture-occasion/volkswagen/passat/1230150486A1KVVOVWPAS"
"543","https://www.paruvendu.fr/a/voiture-occasion/peugeot/3008/1230150485A1KVVOPE3M8"
"544","https://www.paruvendu.fr/a/voiture-occasion/audi/q2/1230150474A1KVVOAUQ2"
"545","https://www.paruvendu.fr/a/voiture-occasion/volkswagen/golf/1230144297A1KVVOVWGOL"
"546","https://www.paruvendu.fr/a/voiture-occasion/skoda/octavia/1230105105A1KVVOSKOCT"
"547","https://www.paruvendu.fr/a/voiture-occasion/citroen/2-cv-dyane/1230148933A1KVVOCI2CV"
"548","https://www.paruvendu.fr/a/voiture-occasion/volkswagen/polo/1230150270A1KVVOVWPOL"
"549","https://www.paruvendu.fr/a/voiture-occasion/volkswagen/passat/1230150266A1KVVOVWPAS"
"550","https://www.paruvendu.fr/a/voiture-occasion/volkswagen/touran/1230150261A1KVVOVWTOU"
"551","https://www.paruvendu.fr/a/voiture-occasion/volkswagen/tiguan/1230150259A1KVVOVWTIG"
"552","https://www.paruvendu.fr/a/voiture-occasion/volkswagen/passat/1230150256A1KVVOVWPAS"
"553","https://www.paruvendu.fr/a/voiture-occasion/volkswagen/golf/1230150181A1KVVOVWGOL"
"554","https://www.paruvendu.fr/a/voiture-occasion/peugeot/108/1230150154A1KVVOPE108"
"555","https://www.paruvendu.fr/a/voiture-occasion/peugeot/108/1230150152A1KVVOPE108"
"556","https://www.paruvendu.fr/a/voiture-occasion/peugeot/208/1230150148A1KVVOPE208"
"557","https://www.paruvendu.fr/a/voiture-occasion/peugeot/208/1230150146A1KVVOPE208"
"558","https://www.paruvendu.fr/a/voiture-occasion/hyundai/ix35/1229933887A1KVVOHYIX3"
"559","https://www.paruvendu.fr/a/voiture-occasion/toyota/c-hr/1230149163A1KVVOTOCHR"
"560","https://www.paruvendu.fr/a/voiture-occasion/citroen/c4-picasso/1226950080A1KVVOCIC4P"
"561","https://www.paruvendu.fr/a/voiture-occasion/audi/a5/1230148806A1KVVOAUA5"
"562","https://www.paruvendu.fr/a/voiture-occasion/mazda/mx-5/1228687954A1KVVOMAMX5"
"563","https://www.paruvendu.fr/a/voiture-occasion/mercedes/divers/1230148637A1KVVOMEZZZ"
"564","https://www.paruvendu.fr/a/voiture-occasion/audi/a4/1230148259A1KVVOAUA4"
"565","https://www.paruvendu.fr/a/voiture-occasion/bmw/serie-1/1230148539A1KVVOBMS1"
"566","https://www.paruvendu.fr/a/voiture-occasion/ford/ranger/1229591796A1KVVOFORAN"
"567","https://www.paruvendu.fr/a/voiture-occasion/citroen/c4/1227749197A1KVVOCIC4"
"568","https://www.paruvendu.fr/a/voiture-occasion/audi/a4/1230148536A1KVVOAUA4"
"569","https://www.paruvendu.fr/a/voiture-occasion/peugeot/208/1228675693A1KVVOPE208"
"570","https://www.paruvendu.fr/a/voiture-occasion/renault/scenic/1229770014A1KVVORESCE"
"571","https://www.paruvendu.fr/a/voiture-occasion/peugeot/3008/1230127415A1KVVOPE3M8"
"572","https://www.paruvendu.fr/a/voiture-occasion/peugeot/2008/1226368292A1KVVOPE2M8"
"573","https://www.paruvendu.fr/a/voiture-occasion/renault/scenic/1229954384A1KVVORESCE"
"574","https://www.paruvendu.fr/a/voiture-occasion/bmw/serie-1/1230148515A1KVVOBMS1"
"575","https://www.paruvendu.fr/a/voiture-occasion/citroen/c3-aircross/1229450095A1KVVOCIC3A"
"576","https://www.paruvendu.fr/a/voiture-occasion/citroen/c1/1229449994A1KVVOCIC1"
"577","https://www.paruvendu.fr/a/voiture-occasion/fiat/doblo/1226499422A1KVVOFIDOB"
"578","https://www.paruvendu.fr/a/voiture-occasion/ford/kuga/1229835609A1KVVOFOKUG"
"579","https://www.paruvendu.fr/a/voiture-occasion/nissan/qashqai/1229637303A1KVVONIQAS"
"580","https://www.paruvendu.fr/a/voiture-occasion/suzuki/sx4/1229637321A1KVVOSUSX4"
"581","https://www.paruvendu.fr/a/voiture-occasion/mercedes/classe-a/1228470596A1KVVOMEA"
"582","https://www.paruvendu.fr/a/voiture-occasion/audi/q3/1229637367A1KVVOAUQ3"
"583","https://www.paruvendu.fr/a/voiture-occasion/peugeot/3008/1228157333A1KVVOPE3M8"
"584","https://www.paruvendu.fr/a/voiture-occasion/bentley/continental-gt/1222179821A1KVVOBTCGT"
"585","https://www.paruvendu.fr/a/voiture-occasion/fiat/500/1229849994A1KVVOFI500"
"586","https://www.paruvendu.fr/a/voiture-occasion/peugeot/108/1226688751A1KVVOPE108"
"587","https://www.paruvendu.fr/a/voiture-occasion/ford/focus/1229000180A1KVVOFOFOC"
"588","https://www.paruvendu.fr/a/voiture-occasion/audi/a5/1229618806A1KVVOAUA5"
"589","https://www.paruvendu.fr/a/voiture-occasion/seat/leon/1228275616A1KVVOSELEO"
"590","https://www.paruvendu.fr/a/voiture-occasion/peugeot/308/1229618618A1KVVOPE308"
"591","https://www.paruvendu.fr/a/voiture-occasion/alfa-romeo/giulietta/1229637272A1KVVOALGIU"
"592","https://www.paruvendu.fr/a/voiture-occasion/bmw/x1/1226527016A1KVVOBMX1"
"593","https://www.paruvendu.fr/a/voiture-occasion/porsche/panamera/1228289406A1KVVOPOPAN"
"594","https://www.paruvendu.fr/a/voiture-occasion/chrysler/pt-cruiser/1229879630A1KVVOCHPTC"
"595","https://www.paruvendu.fr/a/voiture-occasion/peugeot/2008/1229877546A1KVVOPE2M8"
"596","https://www.paruvendu.fr/a/voiture-occasion/peugeot/508/1229644158A1KVVOPE508"
"597","https://www.paruvendu.fr/a/voiture-occasion/nissan/juke/1229563467A1KVVONIJUK"
"598","https://www.paruvendu.fr/a/voiture-occasion/citroen/c3-picasso/1229835574A1KVVOCI3PI"
"599","https://www.paruvendu.fr/a/voiture-occasion/suzuki/sx4/1229105133A1KVVOSUSX4"
"600","https://www.paruvendu.fr/a/voiture-occasion/jaguar/xf/1229637366A1KVVOJAXF"
"601","https://www.paruvendu.fr/a/voiture-occasion/opel/mokka/1229849983A1KVVOOPMOK"
"602","https://www.paruvendu.fr/a/voiture-occasion/mercedes/classe-c/1229848901A1KVVOMEC"
"603","https://www.paruvendu.fr/a/voiture-occasion/volvo/v50/1228854333A1KVVOVOV50"
"604","https://www.paruvendu.fr/a/voiture-occasion/toyota/aygo/1229874821A1KVVOTOAYG"
"605","https://www.paruvendu.fr/a/voiture-occasion/toyota/yaris/1229874816A1KVVOTOYAR"
"606","https://www.paruvendu.fr/a/voiture-occasion/volkswagen/golf/1229637602A1KVVOVWGOL"
"607","https://www.paruvendu.fr/a/voiture-occasion/opel/astra/1228181200A1KVVOOPAST"
"608","https://www.paruvendu.fr/a/voiture-occasion/skoda/octavia/1227337129A1KVVOSKOCT"
"609","https://www.paruvendu.fr/a/voiture-occasion/renault/captur/1226862196A1KVVORECAP"
"610","https://www.paruvendu.fr/a/voiture-occasion/renault/talisman/1229848881A1KVVORETAL"
"611","https://www.paruvendu.fr/a/voiture-occasion/volkswagen/golf/1229590334A1KVVOVWGOL"
"612","https://www.paruvendu.fr/a/voiture-occasion/mercedes/classe-m/1229017741A1KVVOMEM"
"613","https://www.paruvendu.fr/a/voiture-occasion/seat/ateca/1229790269A1KVVOSEATC"
"614","https://www.paruvendu.fr/a/voiture-occasion/mini/cooper-s/1229879591A1KVVOMCCOS"
"615","https://www.paruvendu.fr/a/voiture-occasion/volkswagen/polo/1227526187A1KVVOVWPOL"
"616","https://www.paruvendu.fr/a/voiture-occasion/renault/clio/1229126885A1KVVORECLI"
"617","https://www.paruvendu.fr/a/voiture-occasion/opel/zafira/1229563611A1KVVOOPZAF"
"618","https://www.paruvendu.fr/a/voiture-occasion/renault/megane-iv/1228678900A1KVVOREME4"
"619","https://www.paruvendu.fr/a/voiture-occasion/volkswagen/tiguan/1229271169A1KVVOVWTIG"
"620","https://www.paruvendu.fr/a/voiture-occasion/audi/a4/1229271162A1KVVOAUA4"
"621","https://www.paruvendu.fr/a/voiture-occasion/opel/astra/1229637518A1KVVOOPAST"
"622","https://www.paruvendu.fr/a/voiture-occasion/audi/q3/1228999167A1KVVOAUQ3"
"623","https://www.paruvendu.fr/a/voiture-occasion/renault/espace/1228678897A1KVVOREESP"
"624","https://www.paruvendu.fr/a/voiture-occasion/audi/q5/1229126702A1KVVOAUQ5"
"625","https://www.paruvendu.fr/a/voiture-occasion/ford/focus/1229000175A1KVVOFOFOC"
"626","https://www.paruvendu.fr/a/voiture-occasion/ford/edge/1229401792A1KVVOFOEDG"
"627","https://www.paruvendu.fr/a/voiture-occasion/renault/scenic/1229590236A1KVVORESCE"
"628","https://www.paruvendu.fr/a/voiture-occasion/opel/corsa/1229877307A1KVVOOPCOR"
"629","https://www.paruvendu.fr/a/voiture-occasion/opel/astra/1229637282A1KVVOOPAST"
"630","https://www.paruvendu.fr/a/voiture-occasion/peugeot/2008/1229255232A1KVVOPE2M8"
"631","https://www.paruvendu.fr/a/voiture-occasion/volkswagen/tiguan/1227884743A1KVVOVWTIG"
"632","https://www.paruvendu.fr/a/voiture-occasion/renault/clio-iv/1229618876A1KVVORECL4"
"633","https://www.paruvendu.fr/a/voiture-occasion/peugeot/208/1229618874A1KVVOPE208"
"634","https://www.paruvendu.fr/a/voiture-occasion/peugeot/5008/1228425834A1KVVOPE5M8"
"635","https://www.paruvendu.fr/a/voiture-occasion/ford/kuga/1228806841A1KVVOFOKUG"
"636","https://www.paruvendu.fr/a/voiture-occasion/nissan/juke/1227152533A1KVVONIJUK"
"637","https://www.paruvendu.fr/a/voiture-occasion/renault/scenic/1229637224A1KVVORESCE"
"638","https://www.paruvendu.fr/a/voiture-occasion/peugeot/308/1228289332A1KVVOPE308"
"639","https://www.paruvendu.fr/a/voiture-occasion/ford/fiesta/1227884874A1KVVOFOFIE"
"640","https://www.paruvendu.fr/a/voiture-occasion/peugeot/308/1227575440A1KVVOPE308"
"641","https://www.paruvendu.fr/a/voiture-occasion/peugeot/2008/1228308639A1KVVOPE2M8"
"642","https://www.paruvendu.fr/a/voiture-occasion/ford/ecosport/1227836638A1KVVOFOECO"
"643","https://www.paruvendu.fr/a/voiture-occasion/renault/kadjar/1228157530A1KVVOREKAD"
"644","https://www.paruvendu.fr/a/voiture-occasion/peugeot/308-sw/1229637226A1KVVOPE8SW"
"645","https://www.paruvendu.fr/a/voiture-occasion/ford/focus/1229135156A1KVVOFOFOC"
"646","https://www.paruvendu.fr/a/voiture-occasion/volkswagen/tiguan/1229347171A1KVVOVWTIG"
"647","https://www.paruvendu.fr/a/voiture-occasion/peugeot/traveller/1228440259A1KVVOPETRA"
"648","https://www.paruvendu.fr/a/voiture-occasion/porsche/cayenne/1228975246A1KVVOPOCAY"
"649","https://www.paruvendu.fr/a/voiture-occasion/porsche/panamera/1229504223A1KVVOPOPAN"
"650","https://www.paruvendu.fr/a/voiture-occasion/renault/scenic-ii/1228750796A1KVVORESC2"
"651","https://www.paruvendu.fr/a/voiture-occasion/renault/scenic-ii/1227576475A1KVVORESC2"
"652","https://www.paruvendu.fr/a/voiture-occasion/citroen/ds4/1228750793A1KVVOCIDS4"
"653","https://www.paruvendu.fr/a/voiture-occasion/peugeot/3008/1229377271A1KVVOPE3M8"
"654","https://www.paruvendu.fr/a/voiture-occasion/mitsubishi/pajero/1228656760A1KVVOMIPAJ"
"655","https://www.paruvendu.fr/a/voiture-occasion/ford/ka/1229000178A1KVVOFOKA"
"656","https://www.paruvendu.fr/a/voiture-occasion/citroen/c4-cactus/1229638750A1KVVOCI4C"
"657","https://www.paruvendu.fr/a/voiture-occasion/skoda/fabia/1229637316A1KVVOSKFAB"
"658","https://www.paruvendu.fr/a/voiture-occasion/kia/venga/1229637188A1KVVOKIVEN"
"659","https://www.paruvendu.fr/a/voiture-occasion/volkswagen/golf/1228408748A1KVVOVWGOL"
"660","https://www.paruvendu.fr/a/voiture-occasion/isuzu/d-max/1229079392A1KVVOISDMX"
"661","https://www.paruvendu.fr/a/voiture-occasion/ford/b-max/1226762874A1KVVOFOB-M"
"662","https://www.paruvendu.fr/a/voiture-occasion/renault/scenic/1227591042A1KVVORESCE"
"663","https://www.paruvendu.fr/a/voiture-occasion/ford/focus/1229000179A1KVVOFOFOC"
"664","https://www.paruvendu.fr/a/voiture-occasion/peugeot/3008/1227591039A1KVVOPE3M8"
"665","https://www.paruvendu.fr/a/voiture-occasion/jaguar/xe/1227667460A1KVVOJAXE"
"666","https://www.paruvendu.fr/a/voiture-occasion/peugeot/208/1229617221A1KVVOPE208"
"667","https://www.paruvendu.fr/a/voiture-occasion/smart/forfour/1229644153A1KVVOSMFFO"
"668","https://www.paruvendu.fr/a/voiture-occasion/renault/megane/1226717058A1KVVOREMEG"
"669","https://www.paruvendu.fr/a/voiture-occasion/volkswagen/polo/1229877309A1KVVOVWPOL"
"670","https://www.paruvendu.fr/a/voiture-occasion/audi/a1/1229807378A1KVVOAUA1"
"671","https://www.paruvendu.fr/a/voiture-occasion/renault/megane/1227036302A1KVVOREMEG"
"672","https://www.paruvendu.fr/a/voiture-occasion/renault/kadjar/1229877559A1KVVOREKAD"
"673","https://www.paruvendu.fr/a/voiture-occasion/volkswagen/tiguan/1229637285A1KVVOVWTIG"
"674","https://www.paruvendu.fr/a/voiture-occasion/mercedes/classe-b/1228756124A1KVVOMEB"
"675","https://www.paruvendu.fr/a/voiture-occasion/mercedes/classe-b/1229637501A1KVVOMEB"
"676","https://www.paruvendu.fr/a/voiture-occasion/audi/a1/1228558203A1KVVOAUA1"
"677","https://www.paruvendu.fr/a/voiture-occasion/mercedes/classe-cls/1229429241A1KVVOMECLS"
"678","https://www.paruvendu.fr/a/voiture-occasion/volkswagen/golf/1229637295A1KVVOVWGOL"
"679","https://www.paruvendu.fr/a/voiture-occasion/volkswagen/passat/1229877484A1KVVOVWPAS"
"680","https://www.paruvendu.fr/a/voiture-occasion/mercedes/classe-cla/1228426796A1KVVOMECLA"
"681","https://www.paruvendu.fr/a/voiture-occasion/volkswagen/tiguan/1229877485A1KVVOVWTIG"
"682","https://www.paruvendu.fr/a/voiture-occasion/volkswagen/tiguan/1229877486A1KVVOVWTIG"
"683","https://www.paruvendu.fr/a/voiture-occasion/land-rover/discovery/1228113892A1KVVOLRDIS"
"684","https://www.paruvendu.fr/a/voiture-occasion/audi/q2/1228755924A1KVVOAUQ2"
"685","https://www.paruvendu.fr/a/voiture-occasion/land-rover/range-rover-evoque/1224979664A1KVVOLRREV"
"686","https://www.paruvendu.fr/a/voiture-occasion/land-rover/range-rover/1228181634A1KVVOLRRAN"
"687","https://www.paruvendu.fr/a/voiture-occasion/opel/corsa/1229617126A1KVVOOPCOR"
"688","https://www.paruvendu.fr/a/voiture-occasion/volkswagen/tiguan/1229355602A1KVVOVWTIG"
"689","https://www.paruvendu.fr/a/voiture-occasion/bmw/serie-1/1227835840A1KVVOBMS1"
"690","https://www.paruvendu.fr/a/voiture-occasion/volkswagen/polo/1228776744A1KVVOVWPOL"
"691","https://www.paruvendu.fr/a/voiture-occasion/audi/a3/1228325518A1KVVOAUA3"
"692","https://www.paruvendu.fr/a/voiture-occasion/audi/a4/1228776718A1KVVOAUA4"
"693","https://www.paruvendu.fr/a/voiture-occasion/mercedes/classe-c/1228610185A1KVVOMEC"
"694","https://www.paruvendu.fr/a/voiture-occasion/volkswagen/tiguan/1229105298A1KVVOVWTIG"
"695","https://www.paruvendu.fr/a/voiture-occasion/bmw/m2/1229430001A1KVVOBMM2"
"696","https://www.paruvendu.fr/a/voiture-occasion/opel/corsa/1229879647A1KVVOOPCOR"
"697","https://www.paruvendu.fr/a/voiture-occasion/mercedes/clk/1228631061A1KVVOMECLK"
"698","https://www.paruvendu.fr/a/voiture-occasion/peugeot/208/1229406942A1KVVOPE208"
"699","https://www.paruvendu.fr/a/voiture-occasion/peugeot/208/1229406941A1KVVOPE208"
"700","https://www.paruvendu.fr/a/voiture-occasion/ford/b-max/1225005964A1KVVOFOB-M"
"701","https://www.paruvendu.fr/a/voiture-occasion/opel/karl/1229858061A1KVVOOPKAR"
"702","https://www.paruvendu.fr/a/voiture-occasion/volkswagen/eos/1229638801A1KVVOVWEOS"
"703","https://www.paruvendu.fr/a/voiture-occasion/fiat/500/1228997379A1KVVOFI500"
"704","https://www.paruvendu.fr/a/voiture-occasion/renault/clio/1229797571A1KVVORECLI"
"705","https://www.paruvendu.fr/a/voiture-occasion/renault/clio/1229797570A1KVVORECLI"
"706","https://www.paruvendu.fr/a/voiture-occasion/renault/clio/1229254916A1KVVORECLI"
"707","https://www.paruvendu.fr/a/voiture-occasion/volkswagen/touran/1229790403A1KVVOVWTOU"
"708","https://www.paruvendu.fr/a/voiture-occasion/volkswagen/polo/1229790413A1KVVOVWPOL"
"709","https://www.paruvendu.fr/a/voiture-occasion/ford/fiesta/1229637191A1KVVOFOFIE"
"710","https://www.paruvendu.fr/a/voiture-occasion/ford/kuga/1229637180A1KVVOFOKUG"
"711","https://www.paruvendu.fr/a/voiture-occasion/volkswagen/coccinelle-ii/1228492221A1KVVOVWCOC"
"712","https://www.paruvendu.fr/a/voiture-occasion/peugeot/508/1229134963A1KVVOPE508"
"713","https://www.paruvendu.fr/a/voiture-occasion/ford/focus-c-max/1224843985A1KVVOFOCMX"
"714","https://www.paruvendu.fr/a/voiture-occasion/renault/grand-scenic-iii/1229735645A1KVVOREGS3"
"715","https://www.paruvendu.fr/a/voiture-occasion/ford/focus/1228868104A1KVVOFOFOC"
"716","https://www.paruvendu.fr/a/voiture-occasion/bmw/serie-4/1227625309A1KVVOBMS4"
"717","https://www.paruvendu.fr/a/voiture-occasion/ford/kuga/1229637181A1KVVOFOKUG"
"718","https://www.paruvendu.fr/a/voiture-occasion/peugeot/207-cc/1226496039A1KVVOPE7CC"
"719","https://www.paruvendu.fr/a/voiture-occasion/honda/cr-v/1228630120A1KVVOHOCRV"
"720","https://www.paruvendu.fr/a/voiture-occasion/volkswagen/polo/1229126970A1KVVOVWPOL"
"721","https://www.paruvendu.fr/a/voiture-occasion/seat/ibiza/1226915349A1KVVOSEIBI"
"722","https://www.paruvendu.fr/a/voiture-occasion/mazda/cx-3/1229617073A1KVVOMACX3"
"723","https://www.paruvendu.fr/a/voiture-occasion/peugeot/308/1226425987A1KVVOPE308"
"724","https://www.paruvendu.fr/a/voiture-occasion/mercedes/classe-c/1229589985A1KVVOMEC"
"725","https://www.paruvendu.fr/a/voiture-occasion/nissan/x-trail/1229637302A1KVVONIXTR"
"726","https://www.paruvendu.fr/a/voiture-occasion/audi/a4/1228776914A1KVVOAUA4"
"727","https://www.paruvendu.fr/a/voiture-occasion/audi/q2/1229156364A1KVVOAUQ2"
"728","https://www.paruvendu.fr/a/voiture-occasion/audi/q3/1228974846A1KVVOAUQ3"
"729","https://www.paruvendu.fr/a/voiture-occasion/audi/q5/1226399149A1KVVOAUQ5"
"730","https://www.paruvendu.fr/a/voiture-occasion/audi/a4/1227255101A1KVVOAUA4"
"731","https://www.paruvendu.fr/a/voiture-occasion/audi/a3/1228776933A1KVVOAUA3"
"732","https://www.paruvendu.fr/a/voiture-occasion/audi/a6/1228776908A1KVVOAUA6"
"733","https://www.paruvendu.fr/a/voiture-occasion/audi/a4/1228699386A1KVVOAUA4"
"734","https://www.paruvendu.fr/a/voiture-occasion/audi/q5/1228113578A1KVVOAUQ5"
"735","https://www.paruvendu.fr/a/voiture-occasion/audi/q5/1228974847A1KVVOAUQ5"
"736","https://www.paruvendu.fr/a/voiture-occasion/audi/sq5/1228614509A1KVVOAUSQ5"
"737","https://www.paruvendu.fr/a/voiture-occasion/audi/q8/1229877149A1KVVOAUQ8"
"738","https://www.paruvendu.fr/a/voiture-occasion/porsche/911/1228308724A1KVVOPO911"
"739","https://www.paruvendu.fr/a/voiture-occasion/porsche/panamera/1226802459A1KVVOPOPAN"
"740","https://www.paruvendu.fr/a/voiture-occasion/porsche/911/1228975255A1KVVOPO911"
"741","https://www.paruvendu.fr/a/voiture-occasion/renault/twingo/1228270600A1KVVORETWI"
"742","https://www.paruvendu.fr/a/voiture-occasion/citroen/c3/1227957944A1KVVOCIC3"
"743","https://www.paruvendu.fr/a/voiture-occasion/citroen/c3/1227957943A1KVVOCIC3"
"744","https://www.paruvendu.fr/a/voiture-occasion/seat/leon/1228976245A1KVVOSELEO"
"745","https://www.paruvendu.fr/a/voiture-occasion/citroen/c4-picasso/1228308832A1KVVOCIC4P"
"746","https://www.paruvendu.fr/a/voiture-occasion/renault/clio/1228308840A1KVVORECLI"
"747","https://www.paruvendu.fr/a/voiture-occasion/renault/koleos/1226659045A1KVVOREKOL"
"748","https://www.paruvendu.fr/a/voiture-occasion/renault/clio/1228250589A1KVVORECLI"
"749","https://www.paruvendu.fr/a/voiture-occasion/renault/captur/1227808395A1KVVORECAP"
"750","https://www.paruvendu.fr/a/voiture-occasion/renault/captur/1229877643A1KVVORECAP"
